<Blog>

<date>26,May,2004</date>
<post>

	 
      Introducing Bert. A Jack Russel. His body looks kinda odd in this shot, since I used a close-up lens arrangement, which stretches the depth of the field, making his body look unusually long and slender. He likes to sleep at my feet.    
    
</post>

<date>25,May,2004</date>
<post>

	 
      My pledge to post every day didn't last long. I'm mere days away from finishing my degree, 9 to be exact. I'm panicking, though don't seem to be doing much work. So I'm distracting myself by posting a picture. This is a close-up shot of a lock mechanism. The background isn't nearly as out of focus as I had hoped, but the light is wonderful, it was such a nice day!     
    
</post>

<date>22,May,2004</date>
<post>

	 
      Ben and I took a stroll along the canal in Boreham today. I scared the wits out of myself by trying to cross locks with my big clumsy feet, but I didn't fall in. Here is a picture of Ben, taking a picture of a weir.     
    
</post>

<date>21,May,2004</date>
<post>

	 
      The 'cameras' link on the left is now working, and pointing to a description of most of my cameras. I just took the image below to test the new memory card I bought for my digital camera. It came out darker than I had hoped, since it was raining at the time. I tried to brighten it up in Photoshop a bit, but then thought better of it.     
    
</post>

<date>20,May,2004</date>
<post>

	 
      I like it the photographer is reflected in the image, or even just when the cause a shadow. Especially when it's an accident. This was intentional however, and it took me ages to get it right. Fingers-crossed I'll be strolling the canal with Ben on Saturday, so I might get some good shots there. I'll probably take the Holga.     
    
</post>

<date>19,May,2004</date>
<post>

	 
      Chelmsford is the only major town I know fairly well. I head in to London all the time, mainly south-bank, but I'm no more savvy than any tourist. I waited ages to get this shot, just as the light was fading, but with the store signs still illuminated. I put the camera on a wall and used the bulb setting. The blur was not intended, but I kinda like it.      Taken with the Smena 8m, on FujiFilm 400.
    
</post>

<date>18,May,2004</date>
<post>

	 
      As promised yesterday, I'm gonna show off the Smena's abilities at night. This is my brother sitting under a street-light slowly moving his head back and forth while keeping his body still.     
    
</post>

<date>17,May,2004</date>
<post>

	 
      This one was taken September 2003. I bought at Lomo Smena 8M from a guy in Bulgaria. It's my favourite camera. There's no way to know if it's foccussed, other than the markings on the lens barrel. The plastic lens is outstanding, the colours amazing. I keep this camera mainly for night-shots, since it has a bulb setting, and lens really lends itself to it. I'll sort out a night shot later.      
    
</post>

<date>16,May,2004</date>
<post>

	 
      Taken January 2004 with my Holga 120SF, and processed by myself(!). I think black-and-white photos of snow always look kinda grim, but I like that. They're nice to look at it when in an environment that isn't grim.     
    
</post>

<date>15,May,2004</date>
<post>

	 
      I think everything is finally sorted, so another quick test. I'm going to upload a picture, then put a link to a bigger version beneath it.  Here goes...      urlLink Click here for a bigger voirsion  
    
</post>

<date>15,May,2004</date>
<post>

	 
      A picture of a Gnome, from my garden. Taken with my new Kodak CX4310, in close-up mode, scaled down considerably.   urlLink     I'll be rearranging things here slightly over the coming days.
    
</post>

<date>30,June,2004</date>
<post>

	 
      Back when the only camera I had was a Lomo Actionsampler I got free when I signed up to some web-service, I set up something called a Lomohome. At the time it was just a place to upload galleries for other Lomo enthusiasts to enjoy. Soon after obtaining the Smena-8M I got bored with my Lomohome and started the first website of which this is the latest incarnation.  It was Ed Wenn's site (www.edandjacqui.com) that reminded of the Lomohomes so I went back to see if mine still existed. It did, but seemed rather empty now since so many features have been added since I last used it. With this in mind I've decided to get more active again with the Lomo community, especially since I've resolved to use the Smena more often. So here I present a link to my Lomohome: http://www.lomohomes.com/Lewster the capital 'L' is important!  Since I don't like to see a post go without a picture, here is one from the Holga of a very wintery day earlier this year. In this shot my garden looks far smaller than it actually is.     
    
</post>

<date>29,June,2004</date>
<post>

	 
      I've decided to stop feeling guilty about the in-frequencies of my posts. This site started as a place to put my pictures for friends and strangers to see and comment on. I never planned on 'blogging' in the original sense, but I've rather warmed to the idea now.  I've realised there's little point posting a picture every day, if no suitable picture strikes me as worthy. With that in mind I promise to make posts a bit more meaningful, and to tell more of the story behind the pictures.  So, a rather weak start with this one, since it is the other picture of the two good Smena-8M shots taken in my garden (the place I tend to use to finish films off!). The focus, lighting, and framing are all way out in terms of traditionally good photography, but something about this picture excites me. So here it is!     
    
</post>

<date>26,June,2004</date>
<post>

	 
      So I finally did something very un-blokey and read some instructions. I actually went to the Fujifilm website and read up on the various aperture/shutter-speed settings they reccommend. The colours have improved, but my focussing still leaves a lot to be desired. I only got maybe three good shots out of 24. Anyway, here's one, I really like the dirty look of this porch against the beautiful sky.     
    
</post>

<date>21,June,2004</date>
<post>

	 
      Many apologies for lack of updates, what with finishing University, a short holiday in Wales, and some other things, I've not had the time to take pictures or update this.  Anyway, here's a picture I took last week in my garden of the sky at about 8pm.     
    
</post>

<date>31,July,2004</date>
<post>

	 
      Stone me, I think Blogger have sorted things out.  I gashed my ear open last night getting in to Alice's and Ian's car, it smarts something rotten!  Lomography made me the OSCM Expert for Thursday 29th July! Take a peek at the picture below:     
    
</post>

<date>27,July,2004</date>
<post>

	 
      Swipe me. The bloomin bank thought I'd graduated last year, so wanted to cut my overdraft! The personnel manager at work failed to keep my appointment, for the second consecutive time. Now my new developing fluid is acting too quickly! It's all going wrong!! With luck I'll be going to London on Saturday with Ben to take some snaps. Blogger is still a mess. They've ruined the create/edit post facility with all sorts of formatting options that cannot be removed, which is why my site looks a little messy. I understand there are moves afoot to set things straight. This is another picture of the petrified trees, this time developed in some new multigrade developer I got. I tried using some filters too but without any notable success.       
    
</post>

<date>20,July,2004</date>
<post>

	 
      Just to get it out of the way, I got a 2:1, so now I have to look for a proper job   Following my skint period, two weeks without any cash, all the overtime I did last month has paid off, so now I can go to Chelmsford and buy some film for my cameras and some developing fluid. I also put some work in researching developing so my makeshift darkroom can yield some decent pictures.   It's Karen &amp; Jan's second wedding anniversary next week so there'll be a little soiree at the weekend. Many congratulations to them.   This picture is a petrified oak taken in Mundon, Essex. Many moons ago the water-table dropped, so the trees died, but conditions have meant they have hardened and aren't affected by the weather. The public aren't allowed in the field where these trees are, so I had to lean over the fence. I developed the film myself, and printed the picture at 8" by 10". I'm rather pleased with it...       
    
</post>

<date>06,July,2004</date>
<post>

	 
      I'm skint again. I really need to sell some of the tat I have lying around here. Old computers, cameras, old toys I really wanted as a kid in the 80s and bought now only have my memories crushed. I'll be putting links to all the items on here on Thursday (free listing day!) so you can all keep track for me.  Apologies and thanks to Hayley, I had a smashing time at your 18th, it's just a shame it was ruined by those who are old enough to know better.  It seems my four year ebay addiction is showing no sign of yielding, so in the post yesterday arrived two new purchases. A 1958 PAX M4 Leica-copy rangefinder with telephoto adapter and a Lomo Cosmic 35.  The PAX M4 looked great in the photos, and only cost me �20 so I took a chance, but looking at it I'm not happy with it. It's not very tidy and is a bit heavy, so I reckon I'll sell that one on.  The Lomo Cosmic 35 however is in excellent condition. It's got a fantastic looking lens barrel, and the has the lomo symbol on both camera and faux-leather case (which is also in great condition). THe lens looks clean, but I haven't taken any pictures with it yet so you'll all have to wait on that score...  Roll on July 23rd when I get my results!     
    
</post>

<date>09,August,2004</date>
<post>

	 
      As you can probably see I've changed the layout for the site. I make no secret that it is an edited version of a blogger template, but I think it looks the part so there!  The picture below is of my local opticians, probably the best looking business in Burnham.     
    
</post>

<date>08,August,2004</date>
<post>

	 
      Below is the first of my shots I took a few nights back wandering around Burnham. This is the railway station at about 10pm, behind me it was really busy with people, but it looks so lifeless in this shot.  Speaking of night photography, I've scored an invite to an exclusive preview of a show at the Burnham museum of night photography "Burnham, A*Light at Night", by a fellow named Eric Mares. It's the first preview I've ever been to, so I'll let y'all know what I thought.  I'm off to Norfolk for three days tomorrow, and plan on taking LOTS of photos.     
    
</post>

<date>05,August,2004</date>
<post>

	 
      Last night I went out with my digital camera, flash turned off and the exposure compensation pushed way up, just to see what I could get. I wandered around for about 90 minutes from about 9:45 to 11:15. I didn't bother with a tripod so most of the shots are blurred, which works for some of them. I'll post a picture or two in the next few days.  So I finally got a Smena Symbol. I've been after one of these for a long time. They're pretty much the same as the Smena-8M, but they have a flash-sync, better build-quality, and the film-wind is linked to the shutter-cock.  I've still not finished the roll I put in the Cosmic 35 to test it, as I get a bit bored taking pictures in my garden, but I'm off to Norfolk for a couple of days next week so I'll make sure I finish it off then.     
    
</post>


</Blog>